{"accuracy": 0.3387096774193548, "confusion_matrix": [[6, 10, 5], [4, 9, 8], [8, 6, 6]], "classification_report": {"0": {"precision": 0.3333333333333333, "recall": 0.2857142857142857, "f1-score": 0.30769230769230765, "support": 21.0}, "1": {"precision": 0.36, "recall": 0.42857142857142855, "f1-score": 0.391304347826087, "support": 21.0}, "2": {"precision": 0.3157894736842105, "recall": 0.3, "f1-score": 0.3076923076923077, "support": 20.0}, "accuracy": 0.3387096774193548, "macro avg": {"precision": 0.336374269005848, "recall": 0.33809523809523806, "f1-score": 0.3355629877369008, "support": 62.0}, "weighted avg": {"precision": 0.33670628183361623, "recall": 0.3387096774193548, "f1-score": 0.3360125148343942, "support": 62.0}}, "feature_importance": {"Years_of_Operation": 0.05098677703615951, "Annual_Revenue": 0.07515214016183873, "Revenue_Growth_Rate": 0.07452784772429655, "Profit_Margin": 0.06789158373232987, "Debt_Outstanding": 0.07071671922832432, "Number_of_Employees": 0.06225038012170901, "Capacity_Utilization": 0.07000785069499406, "Export_Percentage": 0.06588666536243037, "GST_Compliance_Score": 0.05936632630655251, "Inspection_Score": 0.06329407714431666, "Documentation_Readiness_Score": 0.07152913734946727, "Loan_to_Revenue_Ratio": 0.061755337814235985, "Sector_Agro-processing": 0.009739304764315442, "Sector_IT": 0.010808594539806952, "Sector_Manufacturing": 0.012304305293649677, "Sector_Retail": 0.008703520020702746, "Sector_Services": 0.012069107632403667, "Ownership_Type_LLP": 0.011262352459490265, "Ownership_Type_Partnership": 0.011284812903454476, "Ownership_Type_Pvt Ltd": 0.011127857841036896, "Ownership_Type_Sole Proprietorship": 0.010768203748582401, "Category_Medium": 0.012554833477286628, "Category_Micro": 0.012095256073103987, "Category_Small": 0.011748461915896624, "Location_Type_Rural": 0.013198191561494743, "Location_Type_Semi-Urban": 0.011153032578397308, "Location_Type_Urban": 0.013187455680561167, "Technology_Level_High": 0.009861775564114047, "Technology_Level_Low": 0.012621941061905702, "Technology_Level_Medium": 0.012146150207142442}}